# Users,Ramp,Machine,Duration,Total requests,Success requests,Success percent
100,10,container,139,17687.0,17643.0,99.75122971674111
100,10,container,148,16327.0,16251.0,99.53451338274024
100,10,container,141,17166.0,17087.0,99.53978795293021
100,10,container,141,17287.0,17228.0,99.65870307167235
100,10,container,139,16843.0,16773.0,99.58439707890518
100,10,container,144,16278.0,16170.0,99.33652782897161
100,10,container,142,17152.0,17070.0,99.52192164179104
100,10,container,140,16847.0,16760.0,99.48358758235888
100,10,container,146,17386.0,17332.0,99.68940526860692
100,10,container,143,17479.0,17416.0,99.63956748097718
100,10,container,148,16508.0,16404.0,99.3700024230676
100,10,container,139,17487.0,17450.0,99.78841425058614
100,10,container,140,16847.0,16753.0,99.44203715795096
100,10,container,151,17175.0,17107.0,99.60407569141194
100,10,container,144,16862.0,16799.0,99.62637883999525
100,10,container,145,16619.0,16501.0,99.28996931223298
100,10,container,146,16740.0,16673.0,99.59976105137396
100,10,container,142,17485.0,17432.0,99.69688304260795
100,10,container,138,16940.0,16845.0,99.4391971664699
100,10,container,144,16833.0,16724.0,99.35246242499852
100,10,container,144,16619.0,16537.0,99.50658884409411
100,10,container,145,17148.0,17073.0,99.56263121063681
100,10,container,144,16617.0,16545.0,99.56670879220076
100,10,container,145,17533.0,17502.0,99.82319055495351
100,10,container,143,17481.0,17438.0,99.75401864881871
100,10,container,143,17265.0,17197.0,99.6061395887634
100,10,container,139,16956.0,16893.0,99.62845010615712
100,10,container,142,16510.0,16398.0,99.32162325863113
100,10,container,146,17061.0,16988.0,99.57212355664967
100,10,container,139,16415.0,16318.0,99.40907706366129
100,10,vm,121,15896.0,15831.0,99.59109209864117
100,10,vm,123,16530.0,16474.0,99.66122202056866
100,10,vm,117,17919.0,17886.0,99.8158379373849
100,10,vm,118,17499.0,17443.0,99.67998171324075
100,10,vm,118,18036.0,18027.0,99.9500998003992
100,10,vm,118,17479.0,17436.0,99.75399050288918
100,10,vm,117,17784.0,17729.0,99.69073324336482
100,10,vm,121,17150.0,17075.0,99.56268221574344
100,10,vm,124,16096.0,15961.0,99.16128230616302
100,10,vm,125,17360.0,17315.0,99.74078341013825
100,10,vm,118,17384.0,17342.0,99.7583985273815
100,10,vm,101,18014.0,18010.0,99.97779504829577
100,10,vm,124,16524.0,16459.0,99.60663277656742
100,10,vm,119,17905.0,17900.0,99.97207483943032
100,10,vm,126,17711.0,17706.0,99.97176895714527
100,10,vm,107,18020.0,18016.0,99.97780244173141
100,10,vm,116,18024.0,18022.0,99.98890368397691
100,10,vm,128,16409.0,16290.0,99.27478822597355
100,10,vm,118,17812.0,17807.0,99.97192903660454
100,10,vm,130,15991.0,15919.0,99.54974673253705
100,10,vm,127,17396.0,17376.0,99.88503104161876
100,10,vm,137,15773.0,15708.0,99.58790337919228
100,10,vm,118,17919.0,17916.0,99.98325799430772
100,10,vm,112,18032.0,18028.0,99.97781721384206
100,10,vm,147,16357.0,16056.0,98.15980925597603
100,10,vm,124,15678.0,15613.0,99.58540630182421
100,10,vm,124,17370.0,17353.0,99.90213010938399
100,10,vm,125,18018.0,17983.0,99.80574980574981
100,10,vm,126,17691.0,17680.0,99.9378214911537
100,10,vm,113,16621.0,16568.0,99.6811262860237
1000,10,container,222,41930.0,32879.0,78.41402337228715
1000,10,container,232,40227.0,30947.0,76.93091704576528
1000,10,container,235,41366.0,32119.0,77.64589276217183
1000,10,container,242,45170.0,35795.0,79.24507416426832
1000,10,container,240,43065.0,33757.0,78.38616045512597
1000,10,container,245,43251.0,33771.0,78.081431643199
1000,10,container,260,40208.0,32780.0,81.52606446478313
1000,10,container,225,38619.0,29418.0,76.17493979647324
1000,10,container,230,39294.0,30364.0,77.27388405354507
1000,10,container,235,42347.0,32938.0,77.78118875008856
1000,10,container,229,42822.0,33542.0,78.32889636168325
1000,10,container,245,44875.0,35380.0,78.84122562674095
1000,10,container,236,43184.0,33905.0,78.51287513894034
1000,10,container,226,39764.0,30614.0,76.9892364953224
1000,10,container,232,41839.0,32493.0,77.66199000932144
1000,10,container,228,40857.0,31678.0,77.53383753090046
1000,10,container,233,42637.0,33367.0,78.2583202382907
1000,10,container,229,40209.0,30935.0,76.93551195006093
1000,10,container,230,43146.0,33926.0,78.63069577712882
1000,10,container,258,46983.0,37878.0,80.62065002234851
1000,10,container,221,37989.0,28976.0,76.27471110058175
1000,10,container,240,42926.0,33479.0,77.99235894329777
1000,10,container,231,40627.0,31330.0,77.11620350998105
1000,10,container,236,42117.0,32929.0,78.18458104803285
1000,10,container,226,38736.0,29587.0,76.38114415530772
1000,10,container,224,40351.0,31143.0,77.18024336447672
1000,10,container,224,39168.0,29916.0,76.37867647058823
1000,10,container,221,40038.0,30843.0,77.03431739847146
1000,10,container,246,48459.0,38989.0,80.4577065147857
1000,10,container,249,43278.0,34600.0,79.94824160081335
1000,10,vm,966,51824.0,41898.0,80.84671194813214
1000,10,vm,768,46500.0,37016.0,79.60430107526882
1000,10,vm,814,51862.0,41935.0,80.85881763140642
1000,10,vm,690,47243.0,37901.0,80.22564189403721
1000,10,vm,658,45491.0,36273.0,79.736651205733
1000,10,vm,836,47847.0,38230.0,79.90051622881268
1000,10,vm,682,48377.0,39180.0,80.988899683734
1000,10,vm,1209,51081.0,41006.0,80.27642371919109
1000,10,vm,1081,49597.0,39990.0,80.62987680706495
1000,10,vm,810,48346.0,38906.0,80.47408265420097
1000,10,vm,1037,47651.0,38029.0,79.80734926864075
1000,10,vm,912,48733.0,39063.0,80.1571830176677
1000,10,vm,882,49806.0,40031.0,80.37385054009557
1000,10,vm,736,53118.0,42999.0,80.94996046537896
1000,10,vm,1124,49998.0,39525.0,79.05316212648506
1000,10,vm,893,49482.0,39643.0,80.11600177842448
1000,10,vm,1030,51419.0,40974.0,79.68649720920283
1000,10,vm,1015,46244.0,36476.0,78.87725975261655
1000,10,vm,969,49217.0,39797.0,80.86027185728508
1000,10,vm,1006,49351.0,39476.0,79.99027375331806
1000,10,vm,1208,51492.0,41074.0,79.76773090965587
1000,10,vm,1182,52601.0,42621.0,81.02697667344728
1000,10,vm,957,50196.0,40388.0,80.46059446967885
1000,10,vm,845,50274.0,40321.0,80.20249035286629
1000,10,vm,1426,49893.0,39507.0,79.18345258853948
1000,10,vm,1069,54389.0,44053.0,80.99615731122103
1000,10,vm,974,47455.0,38084.0,80.25287114108103
1000,10,vm,1187,48089.0,38021.0,79.06381916862485
1000,10,vm,706,47309.0,37770.0,79.83681751886533
1000,10,vm,800,50600.0,40913.0,80.85573122529644
200,10,container,166,21344.0,20312.0,95.16491754122939
200,10,container,160,21538.0,20541.0,95.37097223511932
200,10,container,165,22434.0,21305.0,94.96746010519747
200,10,container,163,20556.0,19602.0,95.35901926444834
200,10,container,160,20847.0,19877.0,95.34705233366911
200,10,container,159,19662.0,18996.0,96.6127555691181
200,10,container,161,21194.0,20125.0,94.95611965650656
200,10,container,158,21648.0,20564.0,94.99260901699927
200,10,container,164,21875.0,20886.0,95.47885714285714
200,10,container,167,22275.0,21269.0,95.48372615039281
200,10,container,152,18470.0,17453.0,94.4937736870601
200,10,container,158,20237.0,19268.0,95.21174087068242
200,10,container,166,21408.0,20534.0,95.91741405082212
200,10,container,159,21078.0,20001.0,94.89040705949331
200,10,container,162,21336.0,20364.0,95.44431946006749
200,10,container,160,22453.0,21442.0,95.49726094508529
200,10,container,160,22250.0,21211.0,95.33033707865168
200,10,container,155,20414.0,19425.0,95.15528558832175
200,10,container,164,20530.0,19817.0,96.52703360935217
200,10,container,164,21566.0,20518.0,95.14049893350645
200,10,container,169,22968.0,21813.0,94.97126436781609
200,10,container,168,24021.0,22938.0,95.49144498563757
200,10,container,162,20861.0,19849.0,95.14884233737597
200,10,container,165,23449.0,22341.0,95.27485180604717
200,10,container,122,13301.0,12603.0,94.75227426509285
200,10,container,155,19562.0,18589.0,95.0260709538902
200,10,container,128,14870.0,14255.0,95.86415601882986
200,10,container,157,22744.0,21706.0,95.43615898698557
200,10,container,163,22370.0,21323.0,95.31962449709432
200,10,container,157,20442.0,19421.0,95.00538107817239
200,10,vm,157,24193.0,23480.0,97.05286653164138
200,10,vm,165,23434.0,22629.0,96.56482034650507
200,10,vm,241,25087.0,24045.0,95.84645433890063
200,10,vm,262,25630.0,24646.0,96.16074912212251
200,10,vm,183,23713.0,22736.0,95.87989710285497
200,10,vm,161,23058.0,22282.0,96.63457368375401
200,10,vm,207,22828.0,21725.0,95.16821447345366
200,10,vm,197,26431.0,25483.0,96.41330256138625
200,10,vm,240,24286.0,23315.0,96.00181174339126
200,10,vm,172,24731.0,23970.0,96.92289029962396
200,10,vm,503,25792.0,24546.0,95.16904466501241
200,10,vm,180,24468.0,23595.0,96.43207454634624
200,10,vm,184,24696.0,23753.0,96.18156786524133
200,10,vm,177,22666.0,21844.0,96.37342274772787
200,10,vm,197,23784.0,22692.0,95.40867810292633
200,10,vm,205,25118.0,24304.0,96.75929612230273
200,10,vm,176,23812.0,23006.0,96.61515202418948
200,10,vm,212,23366.0,22386.0,95.80587177950869
200,10,vm,179,24362.0,23555.0,96.68746408340859
200,10,vm,207,23430.0,22506.0,96.05633802816901
200,10,vm,202,26691.0,25904.0,97.05144056048856
200,10,vm,183,25225.0,24455.0,96.94747274529237
200,10,vm,230,24189.0,23101.0,95.50208772582579
200,10,vm,158,24344.0,23547.0,96.72609267170556
200,10,vm,168,25483.0,24704.0,96.94306007926853
200,10,vm,245,22441.0,21344.0,95.11162604162026
200,10,vm,243,21480.0,20272.0,94.37616387337057
200,10,vm,209,22175.0,21250.0,95.82863585118376
200,10,vm,165,23238.0,22440.0,96.56596953266202
200,10,vm,201,25128.0,24286.0,96.64915631964342
400,10,container,162,18075.0,16089.0,89.01244813278008
400,10,container,186,27019.0,23890.0,88.41926052037455
400,10,container,189,29565.0,26462.0,89.50448165060037
400,10,container,178,26143.0,23413.0,89.5574341123819
400,10,container,225,32437.0,29509.0,90.97327126429694
400,10,container,186,28539.0,25430.0,89.10613546375136
400,10,container,195,30641.0,27408.0,89.448777781404
400,10,container,191,27864.0,24667.0,88.52641401091013
400,10,container,173,25040.0,22006.0,87.88338658146965
400,10,container,179,26455.0,23411.0,88.4936684936685
400,10,container,198,29598.0,26390.0,89.16142982633961
400,10,container,179,27341.0,24243.0,88.66903185691818
400,10,container,213,31343.0,28165.0,89.86057492901126
400,10,container,191,31084.0,27840.0,89.56376270750225
400,10,container,188,27880.0,24689.0,88.55451936872309
400,10,container,192,25822.0,23352.0,90.43451320579351
400,10,container,176,26088.0,23146.0,88.72278442195646
400,10,container,199,30457.0,27180.0,89.24056867058476
400,10,container,194,31186.0,27940.0,89.59148335791701
400,10,container,187,28661.0,25635.0,89.44209901957363
400,10,container,183,24791.0,22440.0,90.51671977733855
400,10,container,200,31571.0,28277.0,89.56637420417472
400,10,container,197,27343.0,24536.0,89.73411842153385
400,10,container,155,17972.0,15833.0,88.0981526819497
400,10,container,201,32144.0,28875.0,89.8301393728223
400,10,container,202,31668.0,28311.0,89.39939370973853
400,10,container,164,19475.0,17392.0,89.30423620025674
400,10,container,196,31025.0,27772.0,89.51490733279613
400,10,container,188,27718.0,24614.0,88.8015008297857
400,10,container,214,34751.0,31222.0,89.84489654973957
400,10,vm,235,35733.0,32866.0,91.97660425936809
400,10,vm,516,35602.0,32200.0,90.44435705859222
400,10,vm,659,36260.0,32628.0,89.9834528405957
400,10,vm,246,36488.0,33457.0,91.69315939486954
400,10,vm,644,36369.0,32877.0,90.39841623360554
400,10,vm,627,34789.0,31346.0,90.10319353818736
400,10,vm,655,36620.0,33095.0,90.37411250682688
400,10,vm,659,38030.0,34479.0,90.66263476202998
400,10,vm,249,35649.0,32432.0,90.97590395242503
400,10,vm,246,35487.0,32458.0,91.46447995040437
400,10,vm,660,36075.0,32589.0,90.33679833679834
400,10,vm,241,36572.0,33672.0,92.07043639943126
400,10,vm,650,34366.0,30800.0,89.62346505266834
400,10,vm,523,35372.0,32018.0,90.51792378152211
400,10,vm,229,35808.0,32812.0,91.6331546023235
400,10,vm,260,36122.0,33213.0,91.94673606112619
400,10,vm,231,36906.0,34098.0,92.39148105999024
400,10,vm,666,36194.0,32669.0,90.26081670995192
400,10,vm,273,36428.0,33307.0,91.43241462611178
400,10,vm,617,36314.0,32886.0,90.56011455636944
400,10,vm,575,37693.0,34249.0,90.86302496484758
400,10,vm,450,36209.0,32911.0,90.8917672401889
400,10,vm,614,35072.0,31635.0,90.20015967153284
400,10,vm,1348,30015.0,26132.0,87.0631350991171
400,10,vm,259,35676.0,32661.0,91.5489404641776
400,10,vm,251,36592.0,33678.0,92.0365107127241
400,10,vm,237,36157.0,33178.0,91.76093149321017
400,10,vm,267,37625.0,34634.0,92.05049833887043
400,10,vm,633,35955.0,32480.0,90.33514114865804
400,10,vm,627,34224.0,30742.0,89.82585320243105
600,10,container,223,37387.0,31945.0,85.44413833685506
600,10,container,219,32624.0,28086.0,86.08999509563512
600,10,container,221,37449.0,32022.0,85.50829127613554
600,10,container,219,35788.0,30413.0,84.98099921761484
600,10,container,216,35012.0,29592.0,84.5195932823032
600,10,container,218,36212.0,30819.0,85.10714680216503
600,10,container,222,36756.0,31190.0,84.85689411252585
600,10,container,215,34998.0,29622.0,84.63912223555631
600,10,container,222,36200.0,30690.0,84.77900552486187
600,10,container,223,38132.0,32521.0,85.28532466170145
600,10,container,227,40218.0,34681.0,86.23253269680242
600,10,container,232,38939.0,33435.0,85.86507100850048
600,10,container,235,40877.0,35223.0,86.16826088020159
600,10,container,202,32478.0,27529.0,84.76199273354271
600,10,container,219,36120.0,30627.0,84.79235880398672
600,10,container,219,36711.0,31389.0,85.50298275721174
600,10,container,215,35891.0,30508.0,85.00181103897913
600,10,container,221,39283.0,33815.0,86.08049283405035
600,10,container,211,33073.0,28213.0,85.30523387657605
600,10,container,229,37780.0,32267.0,85.40762308099524
600,10,container,198,33108.0,27968.0,84.47505134710644
600,10,container,221,35367.0,30415.0,85.99824695337462
600,10,container,216,36850.0,31353.0,85.08276797829036
600,10,container,219,37603.0,32141.0,85.47456319974471
600,10,container,205,33174.0,28050.0,84.55416892747333
600,10,container,215,35198.0,29707.0,84.39968180010227
600,10,container,211,35520.0,30165.0,84.92398648648648
600,10,container,217,37479.0,31907.0,85.13300781771125
600,10,container,201,32754.0,27697.0,84.56066434633938
600,10,container,215,35504.0,30126.0,84.85241099594411
600,10,vm,865,39472.0,34040.0,86.23834616943657
600,10,vm,835,40406.0,34825.0,86.18769489679751
600,10,vm,688,41520.0,36003.0,86.71242774566474
600,10,vm,741,40142.0,34495.0,85.93243983857306
600,10,vm,684,40697.0,35135.0,86.33314494925916
600,10,vm,662,43470.0,38019.0,87.46031746031746
600,10,vm,668,40633.0,35112.0,86.41252184185268
600,10,vm,1017,41447.0,35750.0,86.25473496272348
600,10,vm,750,41421.0,36007.0,86.92933536129017
600,10,vm,663,40717.0,35300.0,86.69597465432129
600,10,vm,648,41987.0,36605.0,87.18174673113107
600,10,vm,673,41022.0,35565.0,86.69738189264297
600,10,vm,652,40310.0,34951.0,86.70553212602331
600,10,vm,652,41164.0,35654.0,86.61451753959771
600,10,vm,672,41393.0,35978.0,86.91807793588288
600,10,vm,627,42359.0,37030.0,87.41943860808802
600,10,vm,243,41034.0,36303.0,88.47053662816201
600,10,vm,696,39914.0,34533.0,86.51851480683469
600,10,vm,947,41105.0,35317.0,85.91898795766939
600,10,vm,661,41746.0,36402.0,87.198773535189
600,10,vm,704,41362.0,35785.0,86.51660944828586
600,10,vm,720,40966.0,35538.0,86.74998779475662
600,10,vm,661,39131.0,33731.0,86.20019933045411
600,10,vm,638,39122.0,33728.0,86.21236133122028
600,10,vm,689,41631.0,36131.0,86.78869111959838
600,10,vm,753,40169.0,34746.0,86.49953944584132
600,10,vm,790,40659.0,35096.0,86.31791239332006
600,10,vm,1153,41090.0,35352.0,86.0355317595522
600,10,vm,812,42017.0,36446.0,86.74108099102745
600,10,vm,673,40633.0,35186.0,86.59463982477297
800,10,container,228,39001.0,31619.0,81.07228019794364
800,10,container,223,36409.0,29571.0,81.21892938559148
800,10,container,219,38749.0,31519.0,81.34145397300576
800,10,container,238,38295.0,30904.0,80.69983026504765
800,10,container,220,36820.0,30115.0,81.78978815860945
800,10,container,243,41901.0,34311.0,81.88587384549295
800,10,container,213,36850.0,29691.0,80.57259158751697
800,10,container,225,38849.0,31652.0,81.47442662616798
800,10,container,219,35810.0,29134.0,81.35716280368612
800,10,container,228,38331.0,30924.0,80.67621507396102
800,10,container,221,38309.0,31000.0,80.92093241796967
800,10,container,233,41269.0,33810.0,81.92590079720856
800,10,container,209,35291.0,28051.0,79.48485449548043
800,10,container,229,39622.0,32307.0,81.53803442531927
800,10,container,218,36592.0,29441.0,80.45747704416266
800,10,container,220,41328.0,34155.0,82.64372822299651
800,10,container,243,37376.0,31104.0,83.21917808219177
800,10,container,220,39517.0,32205.0,81.49657109598401
800,10,container,235,40916.0,33328.0,81.45468765275199
800,10,container,226,38893.0,31476.0,80.92973028565552
800,10,container,223,39238.0,31874.0,81.23247871960854
800,10,container,227,39002.0,31641.0,81.1266088918517
800,10,container,246,45360.0,37746.0,83.21428571428571
800,10,container,224,38416.0,31103.0,80.96366097459392
800,10,container,231,40881.0,33341.0,81.55622416281402
800,10,container,227,38978.0,31558.0,80.96362050387398
800,10,container,210,36467.0,29424.0,80.68664820248443
800,10,container,245,42733.0,35259.0,82.51000397819016
800,10,container,242,44554.0,37110.0,83.29218476455537
800,10,container,244,42731.0,35032.0,81.98263555732372
800,10,vm,872,43994.0,36394.0,82.72491703414101
800,10,vm,781,43719.0,36118.0,82.61396646766852
800,10,vm,656,44255.0,37076.0,83.77810416902045
800,10,vm,800,46391.0,38649.0,83.31141816300575
800,10,vm,727,44807.0,37439.0,83.55614078157431
800,10,vm,86,7200.0,0.0,0.0
800,10,vm,1128,52296.0,43614.0,83.39834786599357
800,10,vm,785,42222.0,34975.0,82.83596229453839
800,10,vm,841,46086.0,38522.0,83.58720652692791
800,10,vm,643,45179.0,37973.0,84.05011177759579
800,10,vm,754,44405.0,36663.0,82.56502646098413
800,10,vm,660,46371.0,38781.0,83.63201138642687
800,10,vm,1119,44953.0,37424.0,83.25139590238693
800,10,vm,1077,42418.0,34988.0,82.4838511952473
800,10,vm,1389,43004.0,35370.0,82.24816296158497
800,10,vm,688,45033.0,37637.0,83.57648835298559
800,10,vm,1118,50696.0,42704.0,84.23544263847246
800,10,vm,1018,46025.0,38287.0,83.18739815317763
800,10,vm,964,47349.0,39583.0,83.59838644955543
800,10,vm,691,37656.0,29964.0,79.5729764181007
800,10,vm,673,42883.0,35402.0,82.55485856866358
800,10,vm,694,47882.0,40392.0,84.3573785556159
800,10,vm,1107,42293.0,34701.0,82.04903884803632
800,10,vm,667,46015.0,38499.0,83.66619580571553
800,10,vm,777,41863.0,34250.0,81.81449012254258
800,10,vm,1096,45174.0,37383.0,82.75335369903041
800,10,vm,1213,44197.0,36373.0,82.29744100278299
800,10,vm,874,44017.0,36372.0,82.6317104754981
800,10,vm,1271,43311.0,35578.0,82.14541340537046
800,10,vm,787,44070.0,36436.0,82.67755842977081
